{"count":1,"self":22.2907264,"total":36.821374999999996,"children":{"AgentResetIfDone":{"count":29834,"self":0.228683,"total":0.228683,"children":null},"AgentSendState":{"count":29834,"self":0.191705,"total":0.208998,"children":{"CollectObservations":{"count":2984,"self":0.017293,"total":0.017293,"children":null}}},"DecideAction":{"count":29834,"self":12.315372799999999,"total":12.367602999999999,"children":{"AgentInfo.ToProto":{"count":2984,"self":0.05223,"total":0.05223,"children":null}}},"AcademyStep":{"count":29834,"self":0.126642,"total":0.126642,"children":null},"AgentAct":{"count":29834,"self":1.596754,"total":1.596754,"children":null}}}