{"count":1,"self":43.410483199999994,"total":71.473266999999993,"children":{"AgentResetIfDone":{"count":53501,"self":0.2542584,"total":0.2542584,"children":null},"AgentSendState":{"count":53501,"self":0.2492073,"total":0.2731364,"children":{"CollectObservations":{"count":5351,"self":0.0239291,"total":0.0239291,"children":null}}},"DecideAction":{"count":53501,"self":23.3927104,"total":23.490407899999997,"children":{"AgentInfo.ToProto":{"count":5351,"self":0.0976976,"total":0.0976976,"children":null}}},"AcademyStep":{"count":53501,"self":0.0937334,"total":0.0937334,"children":null},"AgentAct":{"count":53501,"self":3.9502507999999996,"total":3.9502507,"children":null}}}